Date,Username,User tag,Content,Mentions,link
"2026-07-02,06:22:53",huunguyen,#0,Hi  @here - can you tell <@1110651920026189925> where our mv2 data is. And also the current Omni model data.,joergfranke#0,
"2026-07-02,06:23:30",huunguyen,#0,<@1110651920026189925> I know you are busy now but if you give access to <@888852829060612106> and instruction in his to train on your architecture we can train on our data.,harsh1729#0、joergfranke#0,
"2026-07-02,06:24:44",huunguyen,#0,For us we want to prove our dataset is good so we are happy to use a diffferent architecture. We have or can quickly get very good and permissive data as you know. Now that we have ramped up our data pipeline. It is partly agentive powered.,,
"2026-07-02,06:26:00",huunguyen,#0,<@293250279187677184> if we have some voice emo Data we can throw in there too. All our audio tokens are snac Orpheus. But I am happy to run a conversion to another format. I personally don’t think it matters for pretraining,spirit_from_germany#0,
"2026-07-02,13:40:27",joergfranke,#0,"We have no omni arch yet, bit for this comparison, I would use a standard architecture suche as qwen3 or lfm2.5. Qwen3 is nice, since its in torchtitan and optimized. Also for a paper, qwen3 is basically the standard today and no one will question the architecture. If you use a ngpt arch, a lot depends on side effects we are still study and you move the focus from data to arch partially",,
"2026-07-02,13:42:22",joergfranke,#0,"As soon as jupiter is back, in two weeks, i can run a few clmparison 2T runs nemeotron vs olmo3 vs mv2 for example",,
"2026-07-02,14:10:04",huunguyen,#0,sounds awesome!,,
"2026-07-02,14:15:53",spirit_from_germany,#0,My Voice Acting Datagen pipeline is almost ready - <@1110651920026189925>  When will Jupiter be back?,huunguyen#0、joergfranke#0,
"2026-07-02,14:16:10",spirit_from_germany,#0,would be nice to start using it then to generate voice data,,
"2026-07-02,14:16:44",spirit_from_germany,#0,the audio token format i suggest atm is Moss-Audio Tokenizer V2,,
"2026-07-02,14:17:00",spirit_from_germany,#0,"it is by far the best for music, sfx , speech",,
"2026-07-02,14:17:45",spirit_from_germany,#0,"it is 400 tokens per sec, but can be decoded with  several tokens at one time with delay pattern decoding",,
"2026-07-02,14:18:39",spirit_from_germany,#0,https://necessary-velvet-generated-inns.trycloudflare.com/codec_comparison_2026.html,,
"2026-07-02,14:20:14",huunguyen,#0,i think if you want to pretrain it at a reasonable scale you should only do a limited number of moss-audio,,
"2026-07-02,14:20:30",huunguyen,#0,"like a short sequence of something smaller, then followed by moss",,
"2026-07-02,14:20:39",huunguyen,#0,so you get cross transfer,,
"2026-07-02,14:20:50",huunguyen,#0,bc 400 tokens per sec would quickly overwhelme the dataset,,
"2026-07-02,14:21:01",huunguyen,#0,that is if you want to do omni modal,,
"2026-07-02,14:21:19",huunguyen,#0,"if you just want to do audio, and don't care about tying it to language, it is fine to do just audio tokens - moss-audio",,
"2026-07-02,14:23:25",spirit_from_germany,#0,its a trade off,,
"2026-07-02,14:27:34",spirit_from_germany,#0,"I think we humans do only remember last 10 seconds with all sensory details. This is the ultra short-term memory. It's actually less than 10 seconds. But 10 seconds is reasonable, so I would train systems that should understand and generate audio with all details for, let's say, 10 seconds, so 4,000 tokens. And everything that is longer away should be compressed with some specialized audio encoder into latents. Or maybe just provide the high-level caption and ASR of what can be heard further away. But this could be problematic for music. So, yeah, whatever is further away needs to be somehow compressed. And 10 or 20 seconds can be put into the full context. This problem does not go away with SNAC, it's just a little bit less extreme. But you get worse quality. So quality-wise, the MOSS audio tokenizer version 2 is the best you can get.",,
"2026-07-02,14:35:46",huunguyen,#0,yeah - i agree the problem is there. we have a compression from speech/sound,,
"2026-07-02,14:35:49",huunguyen,#0,it's called words,,
"2026-07-02,14:35:52",huunguyen,#0,language words,,
"2026-07-02,14:36:01",huunguyen,#0,and probably latent space ideas too,,
"2026-07-02,14:36:20",huunguyen,#0,"i think quality wise - it doesn't matter as much b/c we are pretraining. we can use any multiple audio codec from low to high. as long as we bind them to something common like language, or each other or to image tokens, or whatever",,
"2026-07-02,14:36:28",huunguyen,#0,we can post-train on the higher end moss stuff,,
"2026-07-02,14:36:44",huunguyen,#0,"for 4K, maybe interleaved with words",,
"2026-07-02,16:35:15",vankhuenguyen,#0,<@293250279187677184>,spirit_from_germany#0,https://cdn.discordapp.com/attachments/1522019693295046687/1522173804670095430/image.png?ex=6a4f6b53&is=6a4e19d3&hm=ca9b0494602bd28017f890acb41fe90afe11e455c2aba7b1de7a7f23c3e8ab2b&
"2026-07-07,01:13:02",huunguyen,#0,,blanchon.jl#0,
"2026-07-07,01:13:24",huunguyen,#0,The Real LAION-Omni Group,,
"2026-07-07,01:13:43",huunguyen,#0,I had a very good conversation with <@471670179739467787>,blanchon.jl#0,
"2026-07-07,01:14:03",huunguyen,#0,"He has a good vision of what we can accomplish. That with what we are doing, will make a pretty awesome (flashy) model.",,
"2026-07-07,01:14:17",huunguyen,#0,"Worth of paper, notice and potential funding if any of us want to go down that route.",,
"2026-07-07,01:15:36",blanchon.jl,#0,"I think the best would to do a call with everyone so I can share what's I'm doing and would like to explore, what kind of data we might want to collect/generate ...",,
"2026-07-07,01:26:31",huunguyen,#0,Let me know when everyone is free.,,
"2026-07-07,01:26:38",huunguyen,#0,@here,,
"2026-07-07,01:31:04",blanchon.jl,#0,Free now for 30min then maybe 1h break then free for 4-5h,,
"2026-07-07,01:34:00",huunguyen,#0,"<@1110651920026189925>, <@293250279187677184> and you are in EU. <@888852829060612106> is in NYC and <@631456778432937986> is in Vietnam I believe. I am on pacific time US",spirit_from_germany#0、vankhuenguyen#0、harsh1729#0、joergfranke#0,
"2026-07-07,01:39:53",blanchon.jl,#0,Great it's gonna be impossible lol,,
"2026-07-07,02:02:41",huunguyen,#0,well we can probably have a call with everyone except <@631456778432937986>,vankhuenguyen#0,
"2026-07-07,02:04:44",huunguyen,#0,when2meet. enter your time @here https://www.when2meet.com/?37352582-x1yoD,,
"2026-07-07,20:12:31",spirit_from_germany,#0,https://x.com/i/status/2074341443293057085,,
"2026-07-07,20:35:55",huunguyen,#0,<@631456778432937986> can you get a list of all the open source VLA data we have indentified to this group here?,vankhuenguyen#0,
"2026-07-07,20:37:33",huunguyen,#0,"here is what claude has identified of largish vla datasets that are permissive (apache, cc-by, etc)",,
"2026-07-07,20:38:17",huunguyen,#0,,,https://cdn.discordapp.com/attachments/1522019693295046687/1524046906198589601/message.txt?ex=6a4fa449&is=6a4e52c9&hm=8b01750fa5a6bb8a6b49f9851f7d6c2066b5025dc442fc6d0424e9a39917d362&
"2026-07-07,20:41:30",vankhuenguyen,#0,<@827568132444651560> some links we have lately,huunguyen#0,
"2026-07-07,20:43:05",vankhuenguyen,#0,"https://mira-wm.com/
https://finevla.xlang.ai/
https://huggingface.co/datasets/nvidia/Cosmos3-DROID
https://huggingface.co/datasets/MiG-NJU/OmniVideo-100K
https://huggingface.co/datasets/mlfoundations/MINT-1T-HTML
https://huggingface.co/datasets/genrobot2025/Gen-EgoData",,
"2026-07-07,21:20:03",blanchon.jl,#0,I'm thinking eventually narrow the scope to only molmospace ecosystem,,
"2026-07-07,21:20:04",huunguyen,#0,let's create a plan to download and process them for our trianing,,
"2026-07-07,21:20:28",blanchon.jl,#0,At least so I can validate everything at a first step and get first robots results,,
"2026-07-07,21:21:45",blanchon.jl,#0,"Because it's easy to evaluate, it's all simulation, it's easy to generate new data ...",,
"2026-07-07,21:21:52",huunguyen,#0,can you tell us specs of what you need in terms of data,,
"2026-07-07,21:22:19",blanchon.jl,#0,"The problem is that it will certainly not be enought to make a sota model, and actually publish and have practionner using the model directly",,
"2026-07-07,21:22:35",blanchon.jl,#0,But it's good enought for us to know that then we just need to scale the data and it's good,,
"2026-07-07,21:22:50",huunguyen,#0,"right now, we have data for what i am calling omni-vla which is what <@631456778432937986> is working on, and also some for yours. and of course all data can be fed into <@1110651920026189925> 's project",vankhuenguyen#0、joergfranke#0,
"2026-07-07,21:23:34",huunguyen,#0,i want to combine all data plus mv2 into what <@1110651920026189925> will train.,joergfranke#0,
"2026-07-07,21:23:45",huunguyen,#0,so we can reuse data for our 3 projects,,
"2026-07-07,21:24:02",huunguyen,#0,"i think eventually, we combine the models to get a working vla. but that can come later",,
"2026-07-07,21:24:23",huunguyen,#0,i think we need a fast and efficient diffusion based model like you proposed,,
"2026-07-07,21:25:13",huunguyen,#0,"i think diffusion is like evolution - throughout random changes, the path to some semantically (functional) output is gotten",,
"2026-07-07,21:25:23",huunguyen,#0,and that is how it can be so fast and efficient,,
"2026-07-07,21:26:37",huunguyen,#0,"but the jury is still out on whether we can get long term language controllable planning , etc. from diffusion, which we coudl arguably get from a LLM < 2b params",,
"2026-07-07,21:29:18",blanchon.jl,#0,,,https://cdn.discordapp.com/attachments/1522019693295046687/1524059741951885332/CleanShot_2026-07-07_at_15.29.132x.png?ex=6a4f077e&is=6a4db5fe&hm=a6cb71769c791184231dbb7d9668e83f531667656328644bfe450e76bb393a77&
"2026-07-07,21:29:24",blanchon.jl,#0,I'm thinking something like that,,
"2026-07-07,21:31:20",blanchon.jl,#0,"I think in the future it would be possible to pretrain the model with just human video, or just robot recording (so not necessary paired), also having different embodiments ...",,
"2026-07-07,21:31:32",blanchon.jl,#0,But I think it's better for me to calibrate everything on this narrow scope,,
"2026-07-07,21:32:04",blanchon.jl,#0,And there is 2 potential extra that could be cool,,
"2026-07-07,21:32:07",huunguyen,#0,"we did create a setup where we can video ourselves - with 3 cameras. do you think that is worth pursuing still, but probably won't get enough data for your current training",,
"2026-07-07,21:32:45",blanchon.jl,#0,"1 the mjdata, ie state of the whole simulation. Typically the force applied ... I can eventually see how I can train with them to make the model better at understanding the dynamics and then at inference run without it of course",,
"2026-07-07,21:32:49",huunguyen,#0,"i think about andrea's criticsm that our work is too ""academic"". I think we need to show it works first before we can show it working on a real robot. but i could be mistaken",,
"2026-07-07,21:32:54",blanchon.jl,#0,It's actually a VERY interesting research direction,,
"2026-07-07,21:33:16",huunguyen,#0,"> andreaskoepf — 6/29/26, 2:46 AM
> Thanks - that's what I wish you too. Let's talk when you move beyond the ""academic exercise"" or you are ready to truly discuss basis of projects incl. architecture and whole setup which have chance to become sota on some interesting dimension.",,
"2026-07-07,21:33:36",huunguyen,#0,"I think b/c we work on so many cool ideas and put them together so fast, it gets lost that we are doing something novel",,
"2026-07-07,21:33:39",huunguyen,#0,and that could be SOTA,,
"2026-07-07,21:33:44",blanchon.jl,#0,Another one would be you just have the environment + reward function and then you train on RL on it. Same things very interesting that also something I'm working on right now,,
"2026-07-07,21:33:48",huunguyen,#0,but you don't know if it will be SOTA until you actually do it!,,
"2026-07-07,21:33:51",blanchon.jl,#0,,,https://cdn.discordapp.com/attachments/1522019693295046687/1524060886099300430/CleanShot_2026-07-07_at_13.15.41.mp4?ex=6a4f088e&is=6a4db70e&hm=76dcac0ccaff7972ae02634c95d139d145d485971beebd48a6cdb8cce11d68f6&
"2026-07-07,21:33:54",blanchon.jl,#0,,,https://cdn.discordapp.com/attachments/1522019693295046687/1524060900389163008/CleanShot_2026-07-07_at_13.14.55.mp4?ex=6a4f0892&is=6a4db712&hm=cf9551f42ec892117956e5e4bc371c34e4459cb02735f18b46725cfe99558075&
"2026-07-07,21:34:21",huunguyen,#0,I liked your idea of rollout until you find a few sucessful paths (as measured by RL model),,
"2026-07-07,21:34:33",huunguyen,#0,and then using that as agentive in-context memory,,
"2026-07-07,21:34:38",huunguyen,#0,pulled on the fly per task,,
"2026-07-07,21:34:53",blanchon.jl,#0,Btw Huu here is some example on counter strike about what I was explaining the other day. I have A and B (just the frame) and I'm generating the in between frames + action to morph from A to B. As the model have learned the csgo maps + there is a bit of overlap. It's able to do a plausible morphing,,
"2026-07-07,21:35:08",huunguyen,#0,Oh yeah,,
"2026-07-07,21:35:11",huunguyen,#0,This is so cool,,
"2026-07-07,21:35:21",blanchon.jl,#0,"Ideally it's even stochastic enought to do search on it, MCP, RL... anything you might wnat",,
"2026-07-07,21:35:30",huunguyen,#0,exactly,,
"2026-07-07,21:35:35",huunguyen,#0,we can vary temp etc,,
"2026-07-07,21:35:39",huunguyen,#0,"and find the ""good"" paths",,
"2026-07-07,21:35:42",huunguyen,#0,it would be cool,,
"2026-07-07,21:36:09",blanchon.jl,#0,By the way I had a chat with the guys from general intuition that release this yesterday https://x.com/gen_intuition/status/2074104524596457706,,
"2026-07-07,21:36:22",huunguyen,#0,this is soo cool,,
"2026-07-07,21:36:25",blanchon.jl,#0,I did a party with them about 5 week ago and I told them about my architecture for the RAE,,
"2026-07-07,21:36:33",huunguyen,#0,man - games in the future could be created on the fly per user,,
"2026-07-07,21:36:36",blanchon.jl,#0,They stole my architecture lol,,
"2026-07-07,21:36:54",huunguyen,#0,when every thing is out there - it gets stolen,blanchon.jl#0,
"2026-07-07,21:36:58",huunguyen,#0,happened to me many times actually,,
"2026-07-07,21:37:04",huunguyen,#0,open source,,
"2026-07-07,21:37:18",huunguyen,#0,i mean - our dataset is just there - but people have to dig into it to find out what we are planning,,
"2026-07-07,21:37:23",blanchon.jl,#0,Yes it's fine but as I'm now 100% on this project and I don't work anymore and living out of my saving,,
"2026-07-07,21:37:31",blanchon.jl,#0,I would have like to have a bit of the fame lol,,
"2026-07-07,21:37:34",blanchon.jl,#0,Anyway,,
"2026-07-07,21:37:40",huunguyen,#0,yeah - i know completely,,
"2026-07-07,21:37:43",huunguyen,#0,i was in same boat,,
"2026-07-07,21:37:48",blanchon.jl,#0,The paper is showing that they are not moving toward what I'm doing,,
"2026-07-07,21:37:52",huunguyen,#0,i volunteered to improve AI,,
"2026-07-07,21:37:57",blanchon.jl,#0,Basically the architecture they have is fully causal,,
"2026-07-07,21:37:59",huunguyen,#0,lol - and people use my stuff,,
"2026-07-07,21:38:06",huunguyen,#0,and sometimes cite me wrongly - with the wrong name,,
"2026-07-07,21:38:07",huunguyen,#0,lol,,
"2026-07-07,21:38:17",huunguyen,#0,AI hallucinated title for OIG,,
"2026-07-07,21:38:19",huunguyen,#0,lol,,
"2026-07-07,21:38:31",blanchon.jl,#0,"They can't do interpolation at all, also having fully causal hurt quite a lot the quality when doing in context learning",,
"2026-07-07,21:38:42",huunguyen,#0,it's so classic,,
"2026-07-07,21:38:45",huunguyen,#0,MLM vs LLM,,
"2026-07-07,21:38:49",huunguyen,#0,you can do masked LLM,,
"2026-07-07,21:38:52",huunguyen,#0,and prefix LLM,,
"2026-07-07,21:38:55",huunguyen,#0,also fill in the middle,,
"2026-07-07,21:38:58",blanchon.jl,#0,"And they have noo fucking clue how to do post-training on it, they are doing v-prediction which make post training almost impossible compare to x0-pred in flow matching",,
"2026-07-07,21:40:45",huunguyen,#0,"Let's get this data kicked off. we have 2 weeks, and honestly I think we can get a grant. <@1110651920026189925> got a grant. we can use the jupiter compute",joergfranke#0,
"2026-07-07,21:40:50",huunguyen,#0,we can ask him how he did it,,
"2026-07-07,21:41:01",huunguyen,#0,Or pump data into <@1110651920026189925> 's project after we do a POC,joergfranke#0,
"2026-07-07,21:41:23",huunguyen,#0,I think we also look for grants with actualy $$ to pay us to do stuff,,
"2026-07-07,21:42:10",huunguyen,#0,"And if any of us actually make soemthing cool and do a startup - this group could be contractors, members, etc. if the chemistry is right",,
"2026-07-07,21:42:13",huunguyen,#0,so let's do it!,,
"2026-07-07,21:42:29",blanchon.jl,#0,"Anyway about the data. To summary I don't think I will be able to leverage general data now, I prefer to narrow down to something more specific. This architecture is great. I think the molmospace might eventually provide everything expect the human video. Which is not 100% necessary but would be a quite cool things to have",,
"2026-07-07,21:43:09",huunguyen,#0,"depending on HOW much data, we could do a search on youtube for human like data that matches the Molmo data.",,
"2026-07-07,21:43:39",huunguyen,#0,VERY old dataset but inspriation: https://www.di.ens.fr/willow/research/howto100m/,,
"2026-07-07,21:43:53",huunguyen,#0,a robot should be able to do all these tasks - zero shot. prob is license for these video. but we can always abstract it away and use it under fair use,,
"2026-07-07,21:44:15",huunguyen,#0,of course all the every day life tasks too,,
"2026-07-07,21:44:32",blanchon.jl,#0,Otherwhise we can either have a pipeline that generate a video gen prompt for each sample and then we manually filter. And/or we train an IC LoRA on LTX to do video2video from the robot perspective to a human like one,,
"2026-07-07,21:44:57",huunguyen,#0,I think we can do semi-autmatic filtering,blanchon.jl#0,
"2026-07-07,21:45:00",blanchon.jl,#0,Problem might be eventually that the video from the simulation is not very realistic,,
"2026-07-07,21:45:01",huunguyen,#0,so we can scale it,,
"2026-07-07,21:45:16",blanchon.jl,#0,So I don't know how the IC LoRA will end up been,,
"2026-07-07,21:45:33",huunguyen,#0,i used LTX to generate some video of tasks - i have to find them,,
"2026-07-07,21:45:35",blanchon.jl,#0,But actually this things is not 100% necessary again,,
"2026-07-07,21:45:37",huunguyen,#0,i thought they were good,,
"2026-07-07,21:45:51",huunguyen,#0,i also used some model to continue a video,,
"2026-07-07,21:46:00",huunguyen,#0,and it did a good job of predicint movement of people,,
"2026-07-07,21:46:20",blanchon.jl,#0,Yes it's generally very very good,,
"2026-07-07,21:46:33",huunguyen,#0,The issue is that we know if the actual movement would cause a person to walk and fall over lol,,
"2026-07-07,21:46:34",blanchon.jl,#0,I think it can actually do a very very good job,,
"2026-07-07,21:46:35",huunguyen,#0,for example,,
"2026-07-07,21:46:52",blanchon.jl,#0,What do you mean ?,,
"2026-07-07,21:47:00",huunguyen,#0,If you have movement - say juggline a ball,,
"2026-07-07,21:47:02",huunguyen,#0,or walking,,
"2026-07-07,21:47:05",huunguyen,#0,it looks right,,
"2026-07-07,21:47:17",huunguyen,#0,but i don't know if you can map it to actual physical thing like robot,,
"2026-07-07,21:47:22",huunguyen,#0,and it will actually be juggline,,
"2026-07-07,21:47:34",huunguyen,#0,or just moving the hands randomly and the balls will certinaly not juggle,,
"2026-07-07,21:47:41",huunguyen,#0,"or with walking, - it might look right",,
"2026-07-07,21:47:46",huunguyen,#0,when a woman is walking towards you,,
"2026-07-07,21:48:03",huunguyen,#0,"but if you model it in maniskill, joint position may be way off",,
"2026-07-07,21:48:08",huunguyen,#0,even if you have some underlying controller,,
"2026-07-07,21:48:09",blanchon.jl,#0,Doesn't have to have a direct mapping actually,,
"2026-07-07,21:48:12",blanchon.jl,#0,Even better if it's not direct,,
"2026-07-07,21:48:23",blanchon.jl,#0,The idea is to just have the video as kind of description of the task,,
"2026-07-07,21:48:30",huunguyen,#0,ah - i see,,
"2026-07-07,21:48:39",huunguyen,#0,"so it is ike ""I imagine I want to do this""",,
"2026-07-07,21:48:52",huunguyen,#0,"and then with my actual motor brain, i will do it",,
"2026-07-07,21:49:02",blanchon.jl,#0,"Even I would say if the camera position and the way the task is perform ... is not mapping 1 to 1 to the samples of the robot doing the task, it's even better",,
"2026-07-07,21:49:21",blanchon.jl,#0,Yes extract the intent mostly,huunguyen#0,
"2026-07-07,21:49:23",huunguyen,#0,yes that makes sense - you make the model more robust,,
"2026-07-07,21:49:33",blanchon.jl,#0,And eventually some prior for the model to do the task,,
"2026-07-07,21:49:34",huunguyen,#0,it's the semantics and video is richer than text for this task,,
"2026-07-07,21:49:38",blanchon.jl,#0,Like you move a glass of water,,
"2026-07-07,21:49:56",blanchon.jl,#0,"""do it carefully and slowly and keep the glass straight so you don't spill water""",,
"2026-07-07,21:50:09",huunguyen,#0,or mix vinegar and baking soda,,
"2026-07-07,21:50:16",blanchon.jl,#0,But typically the robots might have to do the action a little bit differently because of his embodiments,,
"2026-07-07,21:50:25",blanchon.jl,#0,And it will be good for it to learn to do such things,,
"2026-07-07,21:50:50",blanchon.jl,#0,I think this is just a super cool things to try,,
"2026-07-07,21:51:31",blanchon.jl,#0,In a way it's a bit similar to https://egomimic.github.io/,,
"2026-07-07,21:51:40",blanchon.jl,#0,"On the dataset part, model part and everything else is totally different",,
"2026-07-07,21:51:41",huunguyen,#0,"<@631456778432937986> did you tell <@1110651920026189925> where our data is on HF, juptier or juwels is?",vankhuenguyen#0、joergfranke#0,
"2026-07-07,21:52:00",blanchon.jl,#0,But you can imagine that if you want to prompt your robot and learn a new skills in the future,,
"2026-07-07,21:52:24",blanchon.jl,#0,"You just take your meta rayban glasses, shot an egocentric video and here you go",,
"2026-07-07,21:52:47",blanchon.jl,#0,Tho I don't like the part from egomimic where they map 1 to 1 one the robot and human motion,,
"2026-07-07,21:52:51",vankhuenguyen,#0,"<@1110651920026189925> here is the vla data we made from FineVideo, this is the version you can just tokenize and put into training:
https://huggingface.co/datasets/EmpathicRobotics/FineVideo-Phase7-Flattened",huunguyen#0、joergfranke#0,
"2026-07-07,21:53:59",huunguyen,#0,<@293250279187677184> can you meet https://www.when2meet.com/?37352582-x1yoD,spirit_from_germany#0,
"2026-07-07,21:54:57",huunguyen,#0,I think the july 8 at 5:30-6:30 PST works. <@888852829060612106> can't make that time.,harsh1729#0,
"2026-07-07,21:55:35",huunguyen,#0,That's 2:30PM CET,,
"2026-07-07,21:55:43",harsh1729,#0,"that works for me actually, didnt I enter that time?",huunguyen#0,
"2026-07-07,21:55:45",vankhuenguyen,#0,"I think I can't participate in the good time for our group, pls make sure to make a transcript or summary, really need it 😄",,
"2026-07-07,21:56:15",huunguyen,#0,<@631456778432937986> it shows that you are free then,vankhuenguyen#0,
"2026-07-07,21:56:22",huunguyen,#0,we can do July 9 too,,
"2026-07-07,21:56:47",huunguyen,#0,It's 8:30 PM vietnam time,,
"2026-07-07,21:56:51",huunguyen,#0,probably day before?,,
"2026-07-07,21:57:06",huunguyen,#0,But if you can't make it is ok.,,
"2026-07-07,21:57:10",huunguyen,#0,I will send invite,,
"2026-07-07,21:57:49",huunguyen,#0,Let's get all of our data ready for when jupiter is up and ready,,
"2026-07-07,21:57:51",vankhuenguyen,#0,"sure, I'm available from 8am - 1am, vietnam time if needed",,
"2026-07-07,21:58:13",huunguyen,#0,8am - you mean 8pm,,
"2026-07-07,21:58:34",blanchon.jl,#0,Ohhh yes please would be soo cool,huunguyen#0,
"2026-07-07,21:58:44",blanchon.jl,#0,I really need to have a look to molmospace actually,,
"2026-07-07,21:59:03",blanchon.jl,#0,But we will need GPU to train the IC-LoRA and expecially to generate the video if we have too,,
"2026-07-07,21:59:07",vankhuenguyen,#0,"I mean 8am in the morning, and can stay awake until 1am next day",huunguyen#0,
"2026-07-07,21:59:34",huunguyen,#0,<@293250279187677184> wants to train on his moss-audio. Get us some data <@293250279187677184>,spirit_from_germany#0,
"2026-07-07,21:59:35",vankhuenguyen,#0,"currently for JSC we only have JUWELS booster, JURECA for GPU, or else we need to wait for JUPITER",blanchon.jl#0,
"2026-07-07,21:59:35",huunguyen,#0,lol,,
"2026-07-07,22:00:11",huunguyen,#0,"We can train on what we have on JUWELS to extent Jenia lets us, but make sure we have sufficient volume in 1-2 weeks. Officially juptier is up in 1 week. I suspect it will be 2",vankhuenguyen#0,
"2026-07-07,22:00:12",huunguyen,#0,lol,,
"2026-07-07,22:00:41",vankhuenguyen,#0,anything can happen to JSC machine,,
"2026-07-07,22:00:43",vankhuenguyen,#0,like currently,,
"2026-07-07,22:00:49",vankhuenguyen,#0,all systems are down,,
"2026-07-07,22:01:03",huunguyen,#0,man - <@888852829060612106> and I can tell you stories about leo,harsh1729#0,
"2026-07-07,22:01:09",huunguyen,#0,and don't get me started with LUMI,,
"2026-07-07,22:01:14",vankhuenguyen,#0,"having slurm, job submit and resume feature is actually good",,
"2026-07-07,22:01:18",huunguyen,#0,so yeah - i am familiar with how HPC works,,
"2026-07-07,22:01:45",huunguyen,#0,And jean zay and summit - i am familair with those as well,,
"2026-07-07,22:01:55",huunguyen,#0,"man, i have been involved on training on lots of HPC",,
"2026-07-07,22:02:28",huunguyen,#0,ok - have to take care of my little kiddo,,
"2026-07-07,22:02:31",huunguyen,#0,he's waking up now,,
"2026-07-07,22:02:38",huunguyen,#0,ttyl and let's get going!,,
"2026-07-07,22:02:54",huunguyen,#0,btw <@631456778432937986> - did you do the 1 CP version yet to check compression,vankhuenguyen#0,
"2026-07-07,22:03:38",vankhuenguyen,#0,"I didn't, so sorry I'm still waiting for JUWELS, the run is interupted",,
"2026-07-07,22:04:08",vankhuenguyen,#0,"but for estimated, 1CP provide a slightly better compression",,
"2026-07-07,22:04:15",vankhuenguyen,#0,when I use code to investigate the whole dataset,,
"2026-07-07,22:05:48",huunguyen,#0,ok - but we don't need GPU to test it right,,
"2026-07-07,22:05:54",huunguyen,#0,we can run it on GPU to get some samples,,
"2026-07-07,22:06:12",vankhuenguyen,#0,yeah only cpu,,
"2026-07-07,22:06:58",huunguyen,#0,you could hetzner machine to do some of this too if needed,,
"2026-07-07,22:07:01",huunguyen,#0,ok. ttyl,,
"2026-07-07,22:12:42",blanchon.jl,#0,This one is also great https://abc.bot/,,
"2026-07-07,22:13:22",blanchon.jl,#0,22TB wow,,
"2026-07-07,22:13:33",vankhuenguyen,#0,amazing 🤩,,
"2026-07-07,22:13:44",vankhuenguyen,#0,so many data on the internet,,
"2026-07-07,22:14:04",blanchon.jl,#0,"Problem with this one is that the rollout of not from a simulation, we don't have environment in general",,
"2026-07-07,22:14:28",blanchon.jl,#0,So I we can't try the idea of using the mjdata/physical state to improve the model,,
"2026-07-07,22:14:43",blanchon.jl,#0,But I think the diversity of data is better,,
"2026-07-07,22:14:59",blanchon.jl,#0,"And they actually do have some environment for evaluation only, so we can evaluate",,
"2026-07-07,22:15:06",blanchon.jl,#0,It's also all for the same embodiments,,
"2026-07-07,22:15:16",blanchon.jl,#0,https://abc.bot/assets/results/unlock_720p.mp4,,
"2026-07-07,22:16:07",blanchon.jl,#0,This one si typically the kind of things where it will make sence to have a reference human video. It will not be the exact same motion for the robot to do the task but it's the same intention,,
"2026-07-07,22:24:02",blanchon.jl,#0,Actually there is also 2 TB of data on this Yam robot from molmo https://huggingface.co/datasets/allenai/MolmoAct2-BimanualYAM-Dataset,,
"2026-07-07,22:25:01",blanchon.jl,#0,Molmo also support it but I'm pretty sure both are not 100% compatible yet,,
"2026-07-07,22:25:13",blanchon.jl,#0,https://huggingface.co/spaces/allenai/lerobot-visualizer-v3?path=%2Fallenai%2FMolmoAct2-BimanualYAM-Dataset%2Fepisode_0,,
"2026-07-07,22:30:56",blanchon.jl,#0,Okay soo the abc dataset from amazing is indeed perfect !,,
"2026-07-07,22:31:21",blanchon.jl,#0,It has 400 hours of recording that are in simulation and soo we can get the simulation state too,,
"2026-07-07,22:31:37",blanchon.jl,#0,400h is maybe not incredible but it might do the jobs,,
"2026-07-08,00:06:36",blanchon.jl,#0,You know what would be possible,,
"2026-07-08,00:08:14",blanchon.jl,#0,"I can just take some of the scene from molmoact2 + amazon abc with the bimanual yam arm, take a pretrain policy (or even a random policy just doing random movements). And generate rollout with [frames, action, state, physics state (MjData)]. So I can pretrain the model on a large corpus to basically simulate whole of mujoco",,
"2026-07-08,00:08:38",blanchon.jl,#0,"Ie, learn the relationship between frames, action, state and physics state",,
"2026-07-08,01:38:46",huunguyen,#0,i think that would be really cool,,
"2026-07-08,01:46:58",huunguyen,#0,something happened to login on hetzner machine? <@293250279187677184> <@631456778432937986> ?,spirit_from_germany#0、vankhuenguyen#0,
"2026-07-08,01:57:52",huunguyen,#0,<@1110651920026189925> do you have a CPU machine that is deependable we can use to download and format and process data and reupload to HF?,joergfranke#0,
"2026-07-08,02:20:40",spirit_from_germany,#0,"yes, Robert accidentally rebooted it and the recuse system crashed",huunguyen#0,
"2026-07-08,02:20:44",spirit_from_germany,#0,"IPv4-Adresse:    65.109.73.104
IPv6-Adresse:    2a01:4f9:3071:3099::2
Benutzername:    root
Passwort:     54CAK?7D2B_cVn",,
"2026-07-08,02:20:57",spirit_from_germany,#0,I had to recreate the rescue system,,
"2026-07-08,02:21:09",spirit_from_germany,#0,data is still there,,
"2026-07-08,02:21:12",spirit_from_germany,#0,best as rob,,
"2026-07-08,11:09:10",huunguyen,#0,@here,,
"2026-07-08,11:09:11",huunguyen,#0,"Omni VLA
Wednesday, July 8 · 5:30 – 6:30am
Time zone: America/Los_Angeles
Google Meet joining info
Video call link: https://meet.google.com/nkq-swhf-rhf",,
"2026-07-08,11:09:29",huunguyen,#0,Talk to you all tomorrow,,
"2026-07-08,16:26:20",joergfranke,#0,"Currently not, I used the Jupiter Login node for this but Jupiter is still down -.-",huunguyen#0,
"2026-07-08,16:34:37",joergfranke,#0,Or is this a larger CPU job?,huunguyen#0,
"2026-07-08,19:32:25",blanchon.jl,#0,Is the call now ?,,
"2026-07-08,19:41:20",huunguyen,#0,yes,,
"2026-07-08,20:43:50",vankhuenguyen,#0,<@827568132444651560> it happens again,huunguyen#0,https://cdn.discordapp.com/attachments/1522019693295046687/1524410690474086420/image.png?ex=6a4fa596&is=6a4e5416&hm=9ffec02af2ddf93fc261751a6d51c269ad98c5d56d2147abe2841221a586d379&
"2026-07-08,20:44:02",vankhuenguyen,#0,😅,,
"2026-07-08,20:44:25",harsh1729,#0,"btw, which account are u using on jsc?",,
"2026-07-08,20:44:30",vankhuenguyen,#0,nguyen38,,
"2026-07-08,20:44:46",harsh1729,#0,the account for submitting jobs,,
"2026-07-08,20:45:00",vankhuenguyen,#0,yeah I think it's the same,,
"2026-07-08,20:45:03",vankhuenguyen,#0,only 1 account,,
"2026-07-08,20:46:50",harsh1729,#0,"lol, I mean is it `synthlaion` or `ccstdl`, etc?",,
"2026-07-08,20:47:17",vankhuenguyen,#0,ah I see,,https://cdn.discordapp.com/attachments/1522019693295046687/1524411555922448405/image.png?ex=6a4fa665&is=6a4e54e5&hm=0cbb108358effff8cd92cb8ad68e48221f2d577caedd9ac9ae3a7719cd43698a&
"2026-07-08,20:52:57",harsh1729,#0,so which were u using? Ig there is not enough compute in any of these except the jupiter ones,vankhuenguyen#0,
"2026-07-08,20:53:36",vankhuenguyen,#0,"I was just working on login node, for JUPITER, I used reformo",,
"2026-07-08,20:53:55",vankhuenguyen,#0,"JUSUF: ccstdl
JUPITER: reformo
JUWELS: laionize",,
"2026-07-08,20:54:39",vankhuenguyen,#0,I just need access because some of the intermediate data is there,,
